[
    {
        "id": 1,
        "image": "./assets/maos-fundo.png",
        "title": "Lorem Ipsum",
        "text_one": "Lorem ipsum dolor sit amet, consectetur adipiscing elit, sed do eiusmod tempor incididunt ut labore etro dolore magna aliqua. Ut enim ad minim veniam, quis nostrud exercitation ullamco laboris nisi ut aliquipr ex ea commodo consequat.",
        "text_two": "Lorem ipsum dolor sit amet, consectetuer adipiscing elit, sed diam nonummy nibh euismod"
    }, {
        "id": 2,
        "image": "./assets/maos-fundo.png",
        "title": "Lorem Ipsum",
        "text_one": "Lorem ipsum dolor sit amet, consectetur adipiscing elit, sed do eiusmod tempor incididunt ut labore etro dolore magna aliqua. Ut enim ad minim veniam, quis nostrud exercitation ullamco laboris nisi ut aliquipr ex ea commodo consequat.",
        "text_two": "Lorem ipsum dolor sit amet, consectetuer adipiscing elit, sed diam nonummy nibh euismod"
    }, {
        "id": 3,
        "image": "./assets/maos-fundo.png",
        "title": "Lorem Ipsum",
        "text_one": "Lorem ipsum dolor sit amet, consectetur adipiscing elit, sed do eiusmod tempor incididunt ut labore etro dolore magna aliqua. Ut enim ad minim veniam, quis nostrud exercitation ullamco laboris nisi ut aliquipr ex ea commodo consequat.",
        "text_two": "Lorem ipsum dolor sit amet, consectetuer adipiscing elit, sed diam nonummy nibh euismod"
    }, {
        "id": 4,
        "image": "./assets/maos-fundo.png",
        "title": "Lorem Ipsum",
        "text_one": "Lorem ipsum dolor sit amet, consectetur adipiscing elit, sed do eiusmod tempor incididunt ut labore etro dolore magna aliqua. Ut enim ad minim veniam, quis nostrud exercitation ullamco laboris nisi ut aliquipr ex ea commodo consequat.",
        "text_two": "Lorem ipsum dolor sit amet, consectetuer adipiscing elit, sed diam nonummy nibh euismod"
    }, {
        "id": 5,
        "image": "./assets/maos-fundo.png",
        "title": "Lorem Ipsum",
        "text_one": "Lorem ipsum dolor sit amet, consectetur adipiscing elit, sed do eiusmod tempor incididunt ut labore etro dolore magna aliqua. Ut enim ad minim veniam, quis nostrud exercitation ullamco laboris nisi ut aliquipr ex ea commodo consequat.",
        "text_two": "Lorem ipsum dolor sit amet, consectetuer adipiscing elit, sed diam nonummy nibh euismod"
    }, {
        "id": 6,
        "image": "./assets/maos-fundo.png",
        "title": "Lorem Ipsum",
        "text_one": "Lorem ipsum dolor sit amet, consectetur adipiscing elit, sed do eiusmod tempor incididunt ut labore etro dolore magna aliqua. Ut enim ad minim veniam, quis nostrud exercitation ullamco laboris nisi ut aliquipr ex ea commodo consequat.",
        "text_two": "Lorem ipsum dolor sit amet, consectetuer adipiscing elit, sed diam nonummy nibh euismod"
    }
]